{
    "accuracy": 0.6228070175438597,
    "precision_macro": 0.6089481946624804,
    "recall_macro": 0.6126623376623377,
    "f1_macro": 0.609557945041816
}