{
    "accuracy": 0.7017543859649122,
    "precision_macro": 0.6867007672634271,
    "recall_macro": 0.6896103896103896,
    "f1_macro": 0.6879227053140097
}