{
    "accuracy": 0.5526315789473685,
    "precision_macro": 0.5262037340320996,
    "recall_macro": 0.525974025974026,
    "f1_macro": 0.5260454878943507
}