{
    "eval_loss": 1.0598838329315186,
    "eval_accuracy": 0.7105263157894737,
    "eval_precision_macro": 0.6975308641975309,
    "eval_recall_macro": 0.6714285714285715,
    "eval_f1_macro": 0.6764427625354777,
    "eval_runtime": 0.9605,
    "eval_samples_per_second": 118.687,
    "eval_steps_per_second": 8.329,
    "epoch": 6.0
}