{
    "accuracy": 0.7017543859649122,
    "precision_macro": 0.6853896103896104,
    "recall_macro": 0.6853896103896104,
    "f1_macro": 0.6853896103896104
}